Id,Prediction
10000BC,29072859.087746
21,12710092.983293
27dresses,19292091.348574
88minutes,7600240.387595
airibreathe,33101.200102
alexandra,26712.283652
americancarol,5877354.788623
anamorph,11731.703957
andwhendidyoulastseeyourfather,40085.142764
appaloosa,34336.736078
ashesoftimeredux,16606.988411
august,9655.068002
babylonad,22677133.137355
babymama,13908792.525589
babysitters,7817.416189
bandsvisit,63755.766176
bangkokdangerous2008,9331960.436094
bankjob,4242199.182173
battleinseattle,25539.539509
bedtimestories,26220932.446678
beerformyhorses,77098.931361
beforeiforget,5220.452213
bekindrewind,6270438.498211
benjaminbutton2008,40827819.217944
bolt,30802824.609276
bestofbothworlds,16482070.512796
betrayal,6906.830687
beverlyhillschihuahua,15973395.071526
biggerstrongerfaster,12402.819743
blindmountain,9111.773005
blindness2008,3773588.921566
boardinggate,39417.768437
bodyoflies,12484084.777731
bonneville,127021.482015
bottleshock,26541.059512
boyinthestripedpajamas,31402.736928
breakfastwithscot,7121.962541
bridesheadrevisited,57518.942825
burnafterreading,22245307.437209
businessofbeingborn,5532.426557
bustindownthedoor,7679.313223
cadillacrecords,5202351.810939
caramel,36066.475551
cassandrasdream,87359.687201
changeling2008,84970.160928
chaostheory,29199.598237
chapter27,7485.598249
charliebartlett,2295360.752635
childrenofhuangshi,35811.915854
chopshop,15087.532904
chrisanddon,9828.281310
christmasonmars,15904.576183
cityofember,5002498.879153
cityofmen,22990.171822
cj7,41513.587316
clonewars,16907683.590601
cloverfield,32257972.892808
college2008,4800184.061635
collegeroadtrip,8028964.295258
counterfeiters,78611.533925
cover,15438.426189
csny,69663.682665
cthulhu,13671.002385
darkknight,135781927.204107
darkstreets,9213.519808
daysandclouds,6803.224598
daytheearthstoodstill,29495923.068115
dayzero,16878.798582
deal2008,36462.938884
dearzachary,5140.176173
deathdefyingacts,7992.983456
deathrace,12339735.178632
deception,6040789.283537
Defiance,108939.014997
definitelymaybe,8900733.554028
delgo,4837129.746811
diaryofthedead2008,50781.052050
disastermovie,9700387.926403
doomsday,5667466.806396
doubt,84649.406274
drillbittaylor,24560867.069819
duchess2008,53404.279944
eagleeye,28458773.409598
eden,4468.851122
edgeofheaven,8353.681631
elegy,27107.291440
elitesquad,7363.295545
encountersattheendoftheworld,69754.429711
everybodywantstobeitalian,59398.357202
expellednointelligenceallowed,2031192.359243
express,14136796.170419
eye2008,8932153.869967
fall2006,39445.688148
familythatpreys,22485527.039349
filthandwisdom,5256.753868
findingamanda,22686.873882
fireproof,1703672.932533
firstsunday,7450671.470677
flashofgenius2008,3376847.709063
flashpoint,6614.044433
flawless2007,35545.739681
flightoftheredballoon,23358.318435
flowforloveofwater,2886.933724
flymetothemoon,6060934.255956
foolsgold,19838907.921589
forbiddenkingdom,18576192.471547
foreverstrong,25291.404790
forgettingsarahmarshall,18888945.243829
fourchristmases,27401779.709585
frostnixon,83721.659617
frozenriver,30354.171291
fullbattlerattle,10048.433785
funnygames2008,2165900.919751
gardensofthenight,15097.628640
getsmart,48030522.938082
ghosttown,4027575.012965
glassaportraitofphilipintwelveparts,4317.931006
gonzo,28271.404853
gooddick,19567.207036
grantorino,102018.530207
hamlet2,122694.259744
hammer,12131.434003
hancock,86921187.830751
happening,17322350.515688
happygolucky,24652.524267
Haroldandkumarescape,8959788.502977
harvardbeatsyale,27944.432218
hauntingofmollyhartley,9918892.893473
hellboy2,27834114.627553
hellride,56232.840099
henrypoole,1470590.488789
holdingtrevor,5537.708480
hortonhears,33680680.606657
hottieandthenottie,29003.454336
hounddog,13727.367020
housebunny,15954754.115831
howaboutyou,3946.189961
howshemove,3531367.656668
howtorobabank,5848.750754
hsm3,40809613.064452
hunger,20177.824194
igor,5562415.967781
inbruges,39647.496874
incrediblehulk,35164787.968853
indianajones4,116865159.150253
inthenameoftheking,4748481.019777
irinapalm,4997.939447
ironman,68172297.297854
ivelovedyousolong,40709.336045
jcvd,14868.599932
jihadforlove,8865.742982
journeytothecenteroftheearth,11992459.944348
jumper,21861110.819819
kabluey,7806.310122
kissthebride,10508.637742
kitkittredge,79324.798593
kungfupanda,45544779.185690
lakecity,9412.775464
lakeviewterrace,12778806.981950
lastchanceharvey2008,26460.778573
leatherheads,17819906.814081
loureedsberlin,7513.729839
loveguru,39585138.812588
lowerlearning,5734.270147
luckyones,2458641.075213
madeofhonor,9369773.228571
madmoney,12391409.460389
mammamia,27515664.634458
manonwire,18750.840537
marleyandme,28640982.476278
marriedlife,53070.773178
matador2008,6313.302164
maxpayne,23052643.605093
meetbill,43026.141858
meetdave,21720269.793207
meetthespartans,10276057.870704
milk2008,176448.989553
miracleatstanna,4035640.288276
mirrors,8715304.697058
missconception,5092.261390
misspettigrewlivesforaday,3011020.273065
misterfoe,12211.294767
misterlonely,12933.438567
mommasman,17379.789055
mongol,5980.694423
morninglight,31362.712419
movingmidway,10871.867766
mummy3,37423656.986519
mybestfriendsgirl,10784766.851163
myblueberrynights2008,24870.840080
neverbackdown,11764984.520578
nickandnorah,9494093.013574
nightsinrodanthe,13630460.880214
nimsisland,22522232.604486
nobelson2008,1009653.866772
nothingliketheholidays,4268623.623678
onemissedcall2007,12874511.119225
ontherumbariver,4579.043412
otherboleyngirl,2234485.921535
otherendoftheline,49838.803184
overherdeadbody,4580485.244827
paranoidpark,36172.097050
passengers2008,116687.193329
pathology,112077.245529
pattismith,7135.804026
penelope,2407824.879883
pineappleexpress,25847654.711307
pingpongplaya,16560.738619
pirateswhodon'tdoanything,2980218.826434
planetbboy,4662.533012
prayingwithlior,5253.260869
praythedevilbacktohell,4061.121042
prideandglory,17571058.605336
princecaspian,43504096.219085
promnight,12395156.627202
promotion,14315.546499
punisher2,9727775.896354
quantumofsolace,23002956.624066
quarantine,9252428.570833
rachelgettingmarried,54993.552834
rambo2007,14208835.109774
reader,24415.919189
redbelt,32744.191328
religulous,4304002.797515
repo,11800.555620
revolutionaryroad,101795.659775
righteouskill,21156105.467929
rocker,13705922.496729
rocknrolla,25225.105785
rogue,17791.667019
rolemodels,17507909.532482
romanpolanski,11493.088618
romulusmyfather,9520.220348
roscoejenkins,9627677.421563
ruins,10197097.973784
runfatboyrun,2622151.003275
savagegrace,13727.767007
saveme,6516.600517
sawv,15813160.209780
secretlifeofbees,5604592.027286
semipro,18291275.393123
sevenpounds2008,21240132.603252
sexanddeath101,13243.276393
sexdrive,8588904.797580
shinealight,1559332.342820
shotgunstories,29436.975509
shrooms,7075.966157
shutter,12704165.418866
signal,94178.987719
sisterhood2,12922072.659458
sleepwalking,18053.407779
slumdogmillionaire,35943.434323
smartpeople,3339126.508107
snowangels,25161.086206
sonoframbow,76723.723159
soulmen,4186649.471294
special,5693.068972
spacechimps,7087376.945044
speedracer,32719044.517586
spiderwickchronicles,38820108.631790
spirit2008,8106146.961076
splinter,8296.396464
standardoperatingprocedure,119637.532752
stepbrothers,23263140.945038
stepup2thestreets,13823411.573194
stoneangel,12691.084630
strangers,11044629.861219
strangewilderness,3691172.874954
streetkings,10187634.895724
stuck,8342.488103
sukiyaki,6112.619057
superheromovie,15661990.125195
surferdude,10685.296180
surfwise,27973.902026
swingvote,8717060.380530
synecdocheny,135522.305687
take2007,5891.608856
taleofdespereaux2008,14577447.072398
taxitothedarkside,20640.127537
teeth,12041.145263
thenshefoundme,10648.305372
thousandyearsofgoodprayers,6974.709998
tothelimit,5195.486745
towelhead,53771.342753
traceyfragments,6944.568479
trailerparkboys,80132.108702
traitor,7366475.537539
transsiberian,9337.154362
tropicthunder,24718683.125023
troublethewater,19151.100993
truloved,6274.270250
turntheriver,11657.355049
twilight2008,30044555.104778
untraceable,9078616.291990
valkyrie,17507247.771637
vantagepoint,18822626.781996
vickycristinabarcelona,6620384.175854
visitor2007,53578.353899
wackness,23042.558264
walle,46651344.421845
waltzwithbashir2008,175296.971215
wanted,27850855.025397
warinc,40615.618982
wendyandlucy,13477.503833
whathappensinvegas,20203053.275323
whatwedoissecret,13011.736798
whereisosamabinladen,34244.463611
wildwestcomedyshow,555336.207405
withouttheking,6099.231074
witlessprotection,3574379.189800
women2008,18194694.253837
wrestler2008,210510.047270
w,6135059.876040
xfilesiwanttobelieve,22192407.982065
yesman,24317459.020466
youdontmesswiththezohan,29219078.753472
zackandmiri,14437364.400693
12rounds,7285640.848119
2012,16709949.536823
9,5776469.347269
adam,36439.086993
adoration,32265.827154
adventureland,6887289.778689
aliensintheattic,13238011.220285
alientrespass,65645.300766
allaboutsteve,7338787.543085
amelia,15449651.379763
americanaffair,12528.977386
americanswing,3383.774599
americanviolet,27718.199946
amreeka,17147.782832
angelsanddemons,43675148.703910
answerman,13181.203809
anvilthestoryofanvil,14287.159272
armored,5024271.983853
astroboy,19316261.578232
awaywego,59365.310103
bandslam,5864917.630126
bartgotaroom,10854.578245
battleforterra,1317258.064248
beachesofagnes,15621.281176
beyondareasonabledoubt,10132.444298
bigfan,34398.719093
bigmanjapan,10365.361238
blackdynamite,33560.999412
blinddate,6305.808295
blindside,22147319.905178
bliss,7601.680117
bobfunk,10869.829022
boondocksaints2,77968.577628
box,12655090.523050
boysareback,14239.127947
bridewars,17919708.422446
briefinterviewswithhideousmen,8611.488907
brightstar,60763.259358
brokenembraces,30091.072176
bronson,24400.016749
brothersbloom,54243.698028
bruno,18065085.244282
burningplain,12516.343797
capitalism,27506.432896
casidivas,23527.978542
chandnichowktochina,104583.650815
chelseaontherocks,15511.113295
cheri,135212.130995
cherryblossoms,2478.232875
cloudywithachanceofmeatballs,17612640.198738
cocobeforechanel,39552.619090
coldsouls,24809.534888
coraline,9245879.548246
couplesretreat,20625149.856226
cove,23298.364730
crankhighvoltage,7288780.148166
crossingover,24875.019588
crude2009,9815.357036
damnedunited,28640.172876
danceflick,9851852.849393
dare,7043.664144
deadsnow,3555.795079
departures,4185.834623
didyouhearaboutthemorgans2009,12294840.877467
district9,20702097.558295
downloadingnancy,5377.428565
dragmetohell,10180955.998122
dragonballevolution,5603589.054085
duplicity,9020483.402268
earth2009,3270702.318246
easyvirtue,61543.152453
edgeoflove,21929.992502
endgame,11185.439604
everybodysfine,7391927.849258
everylittlestep,19127.358429
examinedlife,12378.951990
explicitills,7096.796950
extract,4924924.762447
fados,7373.910834
fame,18512036.678011
fanboys,43207.186276
fantasticmrfox,126648.538726
fastandfurious4,31271111.592376
fighting,8737506.728030
finaldestination4,17126602.191803
firedup,4813576.667426
fix,11218.485186
foodinc,24911.996298
fridaythe13th2009,17150076.631756
funnypeople,29075351.980858
gamer,8766493.722725
gentlemenbroncos,46748.749370
gforce,22651135.665129
ghostsofgirlfriendspast,21887281.695470
gigante,4288.305149
gigantic,10882.974046
girlfriendexperience,39487.082446
gogolbordellononstop,5943.049737
goodbyesolo,51027.437441
goodhair,297146.473780
goods,5251460.627445
grace,9353.312476
greatbuckhoward,63633.384460
halloweenii2009,15456570.927795
hangover,25823815.800598
hannahmontanathemovie,25620491.589049
harrypotter6,92104851.557521
hauntinginconnecticut,11525627.272095
hesjustnot,23489809.038872
hotelfordogs,16787604.608133
humpday,19698.462450
hurtlocker,63611.919579
icandobadallbymyself,24364535.645808
iceage3,61083913.070584
ihatevalentinesday,7925.569076
ildivo,10412.966182
ihopetheyservebeerinhell,83806.076733
iloveyoubethcooper,4686816.147484
iloveyouman,13756274.043678
imaginethat,27312789.315467
informers,1847589.645444
inglouriousbasterds,31979863.614138
inkheart,8619552.405343
international,10901572.732082
intheloop,19093.050912
inventionoflying,5076845.814439
isanybodythere,12522.239022
itmightgetloud,42821.799550
jennifersbody,13084654.231026
jonasbrothers3d,4456418.420594
julia,17097.170511
julieandjulia,10667572.922379
katyn,10225.754674
knowing,21110525.407257
landofthelost,41642446.131418
lasthouseontheleft,9055489.025358
lawabidingcitizen,15227006.592428
limitsofcontrol,73801.388460
littleashes,9456.644463
lovehappens,6658722.460901
lymelife,19178.198501
madeagoestojail,18496929.036680
management,215373.584543
medicine,12284.251665
menwhostareatgoats,10592012.642636
missmarch,4665112.907594
monstersvsaliens,50495282.531827
moon,30995.108937
morethanagame,20492.524871
motherhood,25795.556686
mutantchronicles,7940.587015
mylifeinruins,3033404.649632
mysisterskeeper,11648468.716727
mysteriesofpittsburgh,22568.835901
newintown,5372528.653257
nextdayair,2765165.157168
nightatthemuseum2,59069032.721352
ninjaassassin,10062067.587606
noimpactman,10012.435177
noteasilybroken,4642738.792162
notforgotten,8405.633155
notorious,5493255.224773
nyiloveyou,195329.041367
objective,18261.556375
observeandreport,17340524.112284
obsessed,10361391.671957
oftimeandthecity,7726.494696
ohorten,22618.774674
olddogs,26475961.617035
orphan,13173692.342394
otherman,8162.264052
outlander,56543.253055
pandorum,9195590.773705
paperheart,13477.442357
paranormalactivity,15676.823926
paulblart,13777203.784169
perfectgetaway,7217087.887017
peterandvandy,4219.851005
phoebeinwonderland,21497.074585
pinkpanther2,17895377.221215
planet51,6771328.126764
pontypool,4983.170694
ponyo,15645543.809103
postgrad,5409795.857426
precious,40194.445771
privatelivesofpippalee,51477.344696
proposal,17312420.882145
publicenemies,61605884.413221
push,24125.356453
redcliff,36357.319440
revanche,10682.913109
rudoycursi,100037.693750
saw6,16668949.956102
septemberissue,35683.409086
seraphine,8069.297637
seriousman,67389.066018
seriousmoonlight,9584.559042
severedways,10849.394809
shallwekiss,9859.987423
shermansway,7368.953212
shorts,14214860.488927
shrink,40408.027046
sinnombre,38309.496240
soloist,6778480.998160
somerstown,8977.711191
sororityrow,10393034.838887
soulpower,30308.913265
spinningintobutter,11399.117729
splinterheads,5993.182548
spread,64255.451367
startrek2009,50779472.234922
stateofplay,20486355.337155
stepfather,12036554.446792
stoningofsorayam,22494.595582
streetfighterlegendofchunli,2518690.477902
sttrinians,162830.324476
sugar,70515.514545
sunshinecleaning,43361.363960
surrogates,15306069.565019
surveillance,18571.863572
taken2009,17833497.179552
takingwoodstock,5091359.842904
taxidermia,8034.460743
tennessee,9687.202362
terminatorsalvation,35950600.491196
thirst,14486.372519
thisisit,43275450.154765
timetravelerswife,16140044.240035
tokyo,10815.103458
transformers2,73739843.575890
treelessmountain,18485.595123
trucker,18024.915270
tulpan,9722.047337
twolovers,28904.038926
tyson,42288.887811
uglytruth,16957801.744078
uninvited,7598545.623370
up,25671617.722534
unmistakenchild,3586.081538
watchmen,43524362.198535
weathergirl,4852.714403
weddingsong,3220.573067
weliveinpublic2009,7739.043373
whateverworks,22390.247693
whatgoesup,12572.922503
wherethewildthingsare,26821803.516030
whipit,3619038.590810
whiteout,11362186.277338
witchmountain,16278530.783728
wolverine,30733086.879933
womenintrouble,9165.094963
worldsgreatestdad,33221.863202
yearone,19155043.173554
zombieland,11589988.396188
